{
    "camera_properties": {
        "resolution": {
            "width": 256,
            "height": 256
        },
        "clipping_range": [
            0.009999999776482582,
            1000000.0
        ],
        "horizontal_aperture": 20.954999923706055,
        "focal_length": 24.0,
        "tf_mat": [
            [
                0.7071067811865476,
                -0.3535533905932738,
                0.6123724356957947,
                0.0
            ],
            [
                0.0,
                0.8660254037844388,
                0.5,
                0.0
            ],
            [
                -0.7071067811865477,
                -0.35355339059327373,
                0.6123724356957946,
                0.0
            ],
            [
                0.0,
                0.0,
                -2.0000000000000004,
                1.0000000000000002
            ]
        ]
    },
    "asset_transforms": [
        [
            "00001613/00001613_8c3b97c1382c43bab3eb1b48_trimesh_001.usd",
            [
                [
                    0.006001391913741827,
                    0.0,
                    0.0,
                    0.0
                ],
                [
                    0.0,
                    0.006001391913741827,
                    0.0,
                    0.0
                ],
                [
                    0.0,
                    0.0,
                    0.006001391913741827,
                    0.0
                ],
                [
                    -0.2572346528547476,
                    0.009539237775801917,
                    -0.10518038767566348,
                    1.0
                ]
            ]
        ]
    ]
}