{
    "camera_properties": {
        "resolution": {
            "width": 256,
            "height": 256
        },
        "clipping_range": [
            0.009999999776482582,
            1000000.0
        ],
        "horizontal_aperture": 20.954999923706055,
        "focal_length": 24.0,
        "tf_mat": [
            [
                0.7071067811865476,
                -0.3535533905932738,
                0.6123724356957947,
                0.0
            ],
            [
                0.0,
                0.8660254037844388,
                0.5,
                0.0
            ],
            [
                -0.7071067811865477,
                -0.35355339059327373,
                0.6123724356957946,
                0.0
            ],
            [
                0.0,
                0.0,
                -2.0000000000000004,
                1.0000000000000002
            ]
        ]
    },
    "asset_transforms": [
        [
            "00001703/00001703_46556a3837274c098a5fc60a_trimesh_000.usd",
            [
                [
                    0.014296069741249084,
                    0.0,
                    0.0,
                    0.0
                ],
                [
                    0.0,
                    0.014296069741249084,
                    0.0,
                    0.0
                ],
                [
                    0.0,
                    0.0,
                    0.014296069741249084,
                    0.0
                ],
                [
                    0.42851965131515946,
                    -0.3850433620108385,
                    0.032880959713336926,
                    1.0
                ]
            ]
        ]
    ]
}