{
    "camera_properties": {
        "resolution": {
            "width": 256,
            "height": 256
        },
        "clipping_range": [
            0.009999999776482582,
            1000000.0
        ],
        "horizontal_aperture": 20.954999923706055,
        "focal_length": 24.0,
        "tf_mat": [
            [
                0.7071067811865476,
                -0.3535533905932738,
                0.6123724356957947,
                0.0
            ],
            [
                0.0,
                0.8660254037844388,
                0.5,
                0.0
            ],
            [
                -0.7071067811865477,
                -0.35355339059327373,
                0.6123724356957946,
                0.0
            ],
            [
                0.0,
                0.0,
                -2.0000000000000004,
                1.0000000000000002
            ]
        ]
    },
    "asset_transforms": [
        [
            "00001779/00001779_b8592e9925204df1805bd0c3_trimesh_004.usd",
            [
                [
                    0.01432360615581274,
                    0.0,
                    0.0,
                    0.0
                ],
                [
                    0.0,
                    0.01432360615581274,
                    0.0,
                    0.0
                ],
                [
                    0.0,
                    0.0,
                    0.01432360615581274,
                    0.0
                ],
                [
                    -0.36260571243856254,
                    -0.021608568810836424,
                    -0.3144921005537459,
                    1.0
                ]
            ]
        ]
    ]
}