{
    "camera_properties": {
        "resolution": {
            "width": 256,
            "height": 256
        },
        "clipping_range": [
            0.009999999776482582,
            1000000.0
        ],
        "horizontal_aperture": 20.954999923706055,
        "focal_length": 24.0,
        "tf_mat": [
            [
                0.7071067811865476,
                -0.3535533905932738,
                0.6123724356957947,
                0.0
            ],
            [
                0.0,
                0.8660254037844388,
                0.5,
                0.0
            ],
            [
                -0.7071067811865477,
                -0.35355339059327373,
                0.6123724356957946,
                0.0
            ],
            [
                0.0,
                0.0,
                -2.0000000000000004,
                1.0000000000000002
            ]
        ]
    },
    "asset_transforms": [
        [
            "00001842/00001842_20d9a75d813046fe97ff87d3_trimesh_010.usd",
            [
                [
                    0.006060607731342316,
                    0.0,
                    0.0,
                    0.0
                ],
                [
                    0.0,
                    0.006060607731342316,
                    0.0,
                    0.0
                ],
                [
                    0.0,
                    0.0,
                    0.006060607731342316,
                    0.0
                ],
                [
                    1.3871630268896002e-07,
                    -0.4065305103733438,
                    0.015151519355039476,
                    1.0
                ]
            ]
        ]
    ]
}