{
    "camera_properties": {
        "resolution": {
            "width": 256,
            "height": 256
        },
        "clipping_range": [
            0.009999999776482582,
            1000000.0
        ],
        "horizontal_aperture": 20.954999923706055,
        "focal_length": 24.0,
        "tf_mat": [
            [
                0.7071067811865476,
                -0.3535533905932738,
                0.6123724356957947,
                0.0
            ],
            [
                0.0,
                0.8660254037844388,
                0.5,
                0.0
            ],
            [
                -0.7071067811865477,
                -0.35355339059327373,
                0.6123724356957946,
                0.0
            ],
            [
                0.0,
                0.0,
                -2.0000000000000004,
                1.0000000000000002
            ]
        ]
    },
    "asset_transforms": [
        [
            "00002062/00002062_e795566e008b41f9a9f59127_trimesh_000.usd",
            [
                [
                    0.01428571343421936,
                    0.0,
                    0.0,
                    0.0
                ],
                [
                    0.0,
                    0.01428571343421936,
                    0.0,
                    0.0
                ],
                [
                    0.0,
                    0.0,
                    0.01428571343421936,
                    0.0
                ],
                [
                    0.06248243706614802,
                    0.0637301291403054,
                    -0.04999999863760816,
                    1.0
                ]
            ]
        ]
    ]
}