{
    "camera_properties": {
        "resolution": {
            "width": 256,
            "height": 256
        },
        "clipping_range": [
            0.009999999776482582,
            1000000.0
        ],
        "horizontal_aperture": 20.954999923706055,
        "focal_length": 24.0,
        "tf_mat": [
            [
                0.7071067811865476,
                -0.3535533905932738,
                0.6123724356957947,
                0.0
            ],
            [
                0.0,
                0.8660254037844388,
                0.5,
                0.0
            ],
            [
                -0.7071067811865477,
                -0.35355339059327373,
                0.6123724356957946,
                0.0
            ],
            [
                0.0,
                0.0,
                -2.0000000000000004,
                1.0000000000000002
            ]
        ]
    },
    "asset_transforms": [
        [
            "00002153/00002153_b82d66be3f1244d1a6e9b75a_trimesh_000.usd",
            [
                [
                    0.01898253709077835,
                    0.0,
                    0.0,
                    0.0
                ],
                [
                    0.0,
                    0.01898253709077835,
                    0.0,
                    0.0
                ],
                [
                    0.0,
                    0.0,
                    0.01898253709077835,
                    0.0
                ],
                [
                    -1.810315765775698e-08,
                    4.5257894144392453e-07,
                    -0.12813212234794624,
                    1.0
                ]
            ]
        ]
    ]
}