{
    "camera_properties": {
        "resolution": {
            "width": 256,
            "height": 256
        },
        "clipping_range": [
            0.009999999776482582,
            1000000.0
        ],
        "horizontal_aperture": 20.954999923706055,
        "focal_length": 24.0,
        "tf_mat": [
            [
                0.7071067811865476,
                -0.3535533905932738,
                0.6123724356957947,
                0.0
            ],
            [
                0.0,
                0.8660254037844388,
                0.5,
                0.0
            ],
            [
                -0.7071067811865477,
                -0.35355339059327373,
                0.6123724356957946,
                0.0
            ],
            [
                0.0,
                0.0,
                -2.0000000000000004,
                1.0000000000000002
            ]
        ]
    },
    "asset_transforms": [
        [
            "00002178/00002178_af3af6b131e747f38dbcb2c5_trimesh_013.usd",
            [
                [
                    0.0793650820851326,
                    0.0,
                    0.0,
                    0.0
                ],
                [
                    0.0,
                    0.0793650820851326,
                    0.0,
                    0.0
                ],
                [
                    0.0,
                    0.0,
                    0.0793650820851326,
                    0.0
                ],
                [
                    -0.42857142924721825,
                    -0.16402754325005345,
                    0.23174604174771835,
                    1.0
                ]
            ]
        ]
    ]
}