{
    "camera_properties": {
        "resolution": {
            "width": 256,
            "height": 256
        },
        "clipping_range": [
            0.009999999776482582,
            1000000.0
        ],
        "horizontal_aperture": 20.954999923706055,
        "focal_length": 24.0,
        "tf_mat": [
            [
                0.7071067811865476,
                -0.3535533905932738,
                0.6123724356957947,
                0.0
            ],
            [
                0.0,
                0.8660254037844388,
                0.5,
                0.0
            ],
            [
                -0.7071067811865477,
                -0.35355339059327373,
                0.6123724356957946,
                0.0
            ],
            [
                0.0,
                0.0,
                -2.0000000000000004,
                1.0000000000000002
            ]
        ]
    },
    "asset_transforms": [
        [
            "00002366/00002366_470c2865307645c78ae7a0cb_trimesh_009.usd",
            [
                [
                    0.025316456332802773,
                    0.0,
                    0.0,
                    0.0
                ],
                [
                    0.0,
                    0.025316456332802773,
                    0.0,
                    0.0
                ],
                [
                    0.0,
                    0.0,
                    0.025316456332802773,
                    0.0
                ],
                [
                    -0.02531645569620253,
                    0.12025316455696203,
                    -0.0670848435993436,
                    1.0
                ]
            ]
        ]
    ]
}