{
    "camera_properties": {
        "resolution": {
            "width": 256,
            "height": 256
        },
        "clipping_range": [
            0.009999999776482582,
            1000000.0
        ],
        "horizontal_aperture": 20.954999923706055,
        "focal_length": 24.0,
        "tf_mat": [
            [
                0.7071067811865476,
                -0.3535533905932738,
                0.6123724356957947,
                0.0
            ],
            [
                0.0,
                0.8660254037844388,
                0.5,
                0.0
            ],
            [
                -0.7071067811865477,
                -0.35355339059327373,
                0.6123724356957946,
                0.0
            ],
            [
                0.0,
                0.0,
                -2.0000000000000004,
                1.0000000000000002
            ]
        ]
    },
    "asset_transforms": [
        [
            "00002520/00002520_4cda48e8579349d6a4becfbf_trimesh_010.usd",
            [
                [
                    0.007880802266299725,
                    0.0,
                    0.0,
                    0.0
                ],
                [
                    0.0,
                    0.007880802266299725,
                    0.0,
                    0.0
                ],
                [
                    0.0,
                    0.0,
                    0.007880802266299725,
                    0.0
                ],
                [
                    1.8663156926395865,
                    -2.362103643560142,
                    -0.0750646351780113,
                    1.0
                ]
            ]
        ]
    ]
}