{
    "camera_properties": {
        "resolution": {
            "width": 256,
            "height": 256
        },
        "clipping_range": [
            0.009999999776482582,
            1000000.0
        ],
        "horizontal_aperture": 20.954999923706055,
        "focal_length": 24.0,
        "tf_mat": [
            [
                0.7071067811865476,
                -0.3535533905932738,
                0.6123724356957947,
                0.0
            ],
            [
                0.0,
                0.8660254037844388,
                0.5,
                0.0
            ],
            [
                -0.7071067811865477,
                -0.35355339059327373,
                0.6123724356957946,
                0.0
            ],
            [
                0.0,
                0.0,
                -2.0000000000000004,
                1.0000000000000002
            ]
        ]
    },
    "asset_transforms": [
        [
            "00002534/00002534_75901915ea5b4a52a72ae2fd_trimesh_000.usd",
            [
                [
                    0.020366597920656204,
                    0.0,
                    0.0,
                    0.0
                ],
                [
                    0.0,
                    0.020366597920656204,
                    0.0,
                    0.0
                ],
                [
                    0.0,
                    0.0,
                    0.020366597920656204,
                    0.0
                ],
                [
                    1.9423102016230644e-08,
                    0.20366598619771065,
                    -0.13951118889157058,
                    1.0
                ]
            ]
        ]
    ]
}