{
    "camera_properties": {
        "resolution": {
            "width": 256,
            "height": 256
        },
        "clipping_range": [
            0.009999999776482582,
            1000000.0
        ],
        "horizontal_aperture": 20.954999923706055,
        "focal_length": 24.0,
        "tf_mat": [
            [
                0.7071067811865476,
                -0.3535533905932738,
                0.6123724356957947,
                0.0
            ],
            [
                0.0,
                0.8660254037844388,
                0.5,
                0.0
            ],
            [
                -0.7071067811865477,
                -0.35355339059327373,
                0.6123724356957946,
                0.0
            ],
            [
                0.0,
                0.0,
                -2.0000000000000004,
                1.0000000000000002
            ]
        ]
    },
    "asset_transforms": [
        [
            "00002680/00002680_5e64117cf77b4072b9b1ab29_trimesh_003.usd",
            [
                [
                    0.021741271018981934,
                    0.0,
                    0.0,
                    0.0
                ],
                [
                    0.0,
                    0.021741271018981934,
                    0.0,
                    0.0
                ],
                [
                    0.0,
                    0.0,
                    0.021741271018981934,
                    0.0
                ],
                [
                    0.5098327944648693,
                    -0.3763957868278722,
                    -0.16305953316681637,
                    1.0
                ]
            ]
        ]
    ]
}