{
    "camera_properties": {
        "resolution": {
            "width": 256,
            "height": 256
        },
        "clipping_range": [
            0.009999999776482582,
            1000000.0
        ],
        "horizontal_aperture": 20.954999923706055,
        "focal_length": 24.0,
        "tf_mat": [
            [
                0.7071067811865476,
                -0.3535533905932738,
                0.6123724356957947,
                0.0
            ],
            [
                0.0,
                0.8660254037844388,
                0.5,
                0.0
            ],
            [
                -0.7071067811865477,
                -0.35355339059327373,
                0.6123724356957946,
                0.0
            ],
            [
                0.0,
                0.0,
                -2.0000000000000004,
                1.0000000000000002
            ]
        ]
    },
    "asset_transforms": [
        [
            "00002792/00002792_3a90aac4d9f8454a842fc772_trimesh_000.usd",
            [
                [
                    0.0003903258766513318,
                    0.0,
                    0.0,
                    0.0
                ],
                [
                    0.0,
                    0.0003903258766513318,
                    0.0,
                    0.0
                ],
                [
                    0.0,
                    0.0,
                    0.0003903258766513318,
                    0.0
                ],
                [
                    0.00020460899235854444,
                    -0.19828553206324875,
                    0.4912545587799515,
                    1.0
                ]
            ]
        ]
    ]
}