{
    "camera_properties": {
        "resolution": {
            "width": 256,
            "height": 256
        },
        "clipping_range": [
            0.009999999776482582,
            1000000.0
        ],
        "horizontal_aperture": 20.954999923706055,
        "focal_length": 24.0,
        "tf_mat": [
            [
                0.7071067811865476,
                -0.3535533905932738,
                0.6123724356957947,
                0.0
            ],
            [
                0.0,
                0.8660254037844388,
                0.5,
                0.0
            ],
            [
                -0.7071067811865477,
                -0.35355339059327373,
                0.6123724356957946,
                0.0
            ],
            [
                0.0,
                0.0,
                -2.0000000000000004,
                1.0000000000000002
            ]
        ]
    },
    "asset_transforms": [
        [
            "00002837/00002837_6d68d1b055dc4e7fa2bcb7da_trimesh_022.usd",
            [
                [
                    0.0070491055957973,
                    0.0,
                    0.0,
                    0.0
                ],
                [
                    0.0,
                    0.0070491055957973,
                    0.0,
                    0.0
                ],
                [
                    0.0,
                    0.0,
                    0.0070491055957973,
                    0.0
                ],
                [
                    0.27219177324845745,
                    0.2567407390068205,
                    0.07015768657976845,
                    1.0
                ]
            ]
        ]
    ]
}