{
    "camera_properties": {
        "resolution": {
            "width": 256,
            "height": 256
        },
        "clipping_range": [
            0.009999999776482582,
            1000000.0
        ],
        "horizontal_aperture": 20.954999923706055,
        "focal_length": 24.0,
        "tf_mat": [
            [
                0.7071067811865476,
                -0.3535533905932738,
                0.6123724356957947,
                0.0
            ],
            [
                0.0,
                0.8660254037844388,
                0.5,
                0.0
            ],
            [
                -0.7071067811865477,
                -0.35355339059327373,
                0.6123724356957946,
                0.0
            ],
            [
                0.0,
                0.0,
                -2.0000000000000004,
                1.0000000000000002
            ]
        ]
    },
    "asset_transforms": [
        [
            "00002883/00002883_7fc6759ea1e3429f95a25b7d_trimesh_000.usd",
            [
                [
                    0.0026316021103411913,
                    0.0,
                    0.0,
                    0.0
                ],
                [
                    0.0,
                    0.0026316021103411913,
                    0.0,
                    0.0
                ],
                [
                    0.0,
                    0.0,
                    0.0026316021103411913,
                    0.0
                ],
                [
                    6.224034482596615e-07,
                    0.06579005223410513,
                    0.09210607312774718,
                    1.0
                ]
            ]
        ]
    ]
}