{
    "camera_properties": {
        "resolution": {
            "width": 256,
            "height": 256
        },
        "clipping_range": [
            0.009999999776482582,
            1000000.0
        ],
        "horizontal_aperture": 20.954999923706055,
        "focal_length": 24.0,
        "tf_mat": [
            [
                0.7071067811865476,
                -0.3535533905932738,
                0.6123724356957947,
                0.0
            ],
            [
                0.0,
                0.8660254037844388,
                0.5,
                0.0
            ],
            [
                -0.7071067811865477,
                -0.35355339059327373,
                0.6123724356957946,
                0.0
            ],
            [
                0.0,
                0.0,
                -2.0000000000000004,
                1.0000000000000002
            ]
        ]
    },
    "asset_transforms": [
        [
            "00002911/00002911_dab4d5c55ca7484d9d74cef1_trimesh_000.usd",
            [
                [
                    0.004652219824492931,
                    0.0,
                    0.0,
                    0.0
                ],
                [
                    0.0,
                    0.004652219824492931,
                    0.0,
                    0.0
                ],
                [
                    0.0,
                    0.0,
                    0.004652219824492931,
                    0.0
                ],
                [
                    0.07245080291361453,
                    -0.0574425029079036,
                    0.0012095782232724073,
                    1.0
                ]
            ]
        ]
    ]
}