{
    "camera_properties": {
        "resolution": {
            "width": 256,
            "height": 256
        },
        "clipping_range": [
            0.009999999776482582,
            1000000.0
        ],
        "horizontal_aperture": 20.954999923706055,
        "focal_length": 24.0,
        "tf_mat": [
            [
                0.7071067811865476,
                -0.3535533905932738,
                0.6123724356957947,
                0.0
            ],
            [
                0.0,
                0.8660254037844388,
                0.5,
                0.0
            ],
            [
                -0.7071067811865477,
                -0.35355339059327373,
                0.6123724356957946,
                0.0
            ],
            [
                0.0,
                0.0,
                -2.0000000000000004,
                1.0000000000000002
            ]
        ]
    },
    "asset_transforms": [
        [
            "00002927/00002927_ddd01e5c609946009515c4bd_trimesh_000.usd",
            [
                [
                    0.024227745831012726,
                    0.0,
                    0.0,
                    0.0
                ],
                [
                    0.0,
                    0.024227745831012726,
                    0.0,
                    0.0
                ],
                [
                    0.0,
                    0.0,
                    0.024227745831012726,
                    0.0
                ],
                [
                    -0.0020146272758162515,
                    6.931613578439502e-08,
                    -0.11538463315798353,
                    1.0
                ]
            ]
        ]
    ]
}