{
    "camera_properties": {
        "resolution": {
            "width": 256,
            "height": 256
        },
        "clipping_range": [
            0.009999999776482582,
            1000000.0
        ],
        "horizontal_aperture": 20.954999923706055,
        "focal_length": 24.0,
        "tf_mat": [
            [
                0.7071067811865476,
                -0.3535533905932738,
                0.6123724356957947,
                0.0
            ],
            [
                0.0,
                0.8660254037844388,
                0.5,
                0.0
            ],
            [
                -0.7071067811865477,
                -0.35355339059327373,
                0.6123724356957946,
                0.0
            ],
            [
                0.0,
                0.0,
                -2.0000000000000004,
                1.0000000000000002
            ]
        ]
    },
    "asset_transforms": [
        [
            "00003347/00003347_ad2574e1c85d4b07afe7076c_trimesh_000.usd",
            [
                [
                    0.01899157650768757,
                    0.0,
                    0.0,
                    0.0
                ],
                [
                    0.0,
                    0.01899157650768757,
                    0.0,
                    0.0
                ],
                [
                    0.0,
                    0.0,
                    0.01899157650768757,
                    0.0
                ],
                [
                    1.811177828865067e-08,
                    -0.17748838174702228,
                    -0.2578949694354685,
                    1.0
                ]
            ]
        ]
    ]
}