{
    "camera_properties": {
        "resolution": {
            "width": 256,
            "height": 256
        },
        "clipping_range": [
            0.009999999776482582,
            1000000.0
        ],
        "horizontal_aperture": 20.954999923706055,
        "focal_length": 24.0,
        "tf_mat": [
            [
                0.7071067811865476,
                -0.3535533905932738,
                0.6123724356957947,
                0.0
            ],
            [
                0.0,
                0.8660254037844388,
                0.5,
                0.0
            ],
            [
                -0.7071067811865477,
                -0.35355339059327373,
                0.6123724356957946,
                0.0
            ],
            [
                0.0,
                0.0,
                -2.0000000000000004,
                1.0000000000000002
            ]
        ]
    },
    "asset_transforms": [
        [
            "00003352/00003352_cdf3d4ec066f40bba94ed95b_trimesh_000.usd",
            [
                [
                    0.013698630034923553,
                    0.0,
                    0.0,
                    0.0
                ],
                [
                    0.0,
                    0.013698630034923553,
                    0.0,
                    0.0
                ],
                [
                    0.0,
                    0.0,
                    0.013698630034923553,
                    0.0
                ],
                [
                    0.22602739726027396,
                    -0.011152737761197025,
                    -0.5,
                    1.0
                ]
            ]
        ]
    ]
}