{
    "camera_properties": {
        "resolution": {
            "width": 256,
            "height": 256
        },
        "clipping_range": [
            0.009999999776482582,
            1000000.0
        ],
        "horizontal_aperture": 20.954999923706055,
        "focal_length": 24.0,
        "tf_mat": [
            [
                0.7071067811865476,
                -0.3535533905932738,
                0.6123724356957947,
                0.0
            ],
            [
                0.0,
                0.8660254037844388,
                0.5,
                0.0
            ],
            [
                -0.7071067811865477,
                -0.35355339059327373,
                0.6123724356957946,
                0.0
            ],
            [
                0.0,
                0.0,
                -2.0000000000000004,
                1.0000000000000002
            ]
        ]
    },
    "asset_transforms": [
        [
            "00003430/00003430_2a5747f7ab6e4c999f2f0f01_trimesh_001.usd",
            [
                [
                    0.0030303029343485832,
                    0.0,
                    0.0,
                    0.0
                ],
                [
                    0.0,
                    0.0030303029343485832,
                    0.0,
                    0.0
                ],
                [
                    0.0,
                    0.0,
                    0.0030303029343485832,
                    0.0
                ],
                [
                    -0.032269888213186555,
                    0.13636363636363635,
                    -0.24845391475793088,
                    1.0
                ]
            ]
        ]
    ]
}