{
    "camera_properties": {
        "resolution": {
            "width": 256,
            "height": 256
        },
        "clipping_range": [
            0.009999999776482582,
            1000000.0
        ],
        "horizontal_aperture": 20.954999923706055,
        "focal_length": 24.0,
        "tf_mat": [
            [
                0.7071067811865476,
                -0.3535533905932738,
                0.6123724356957947,
                0.0
            ],
            [
                0.0,
                0.8660254037844388,
                0.5,
                0.0
            ],
            [
                -0.7071067811865477,
                -0.35355339059327373,
                0.6123724356957946,
                0.0
            ],
            [
                0.0,
                0.0,
                -2.0000000000000004,
                1.0000000000000002
            ]
        ]
    },
    "asset_transforms": [
        [
            "00003863/00003863_b7317fe920884abdb47e38c9_trimesh_002.usd",
            [
                [
                    0.0019710096530616283,
                    0.0,
                    0.0,
                    0.0
                ],
                [
                    0.0,
                    0.0019710096530616283,
                    0.0,
                    0.0
                ],
                [
                    0.0,
                    0.0,
                    0.0019710096530616283,
                    0.0
                ],
                [
                    0.49020961066808516,
                    1.221805830690695e-08,
                    -0.07920377726046998,
                    1.0
                ]
            ]
        ]
    ]
}