{
    "camera_properties": {
        "resolution": {
            "width": 256,
            "height": 256
        },
        "clipping_range": [
            0.009999999776482582,
            1000000.0
        ],
        "horizontal_aperture": 20.954999923706055,
        "focal_length": 24.0,
        "tf_mat": [
            [
                0.7071067811865476,
                -0.3535533905932738,
                0.6123724356957947,
                0.0
            ],
            [
                0.0,
                0.8660254037844388,
                0.5,
                0.0
            ],
            [
                -0.7071067811865477,
                -0.35355339059327373,
                0.6123724356957946,
                0.0
            ],
            [
                0.0,
                0.0,
                -2.0000000000000004,
                1.0000000000000002
            ]
        ]
    },
    "asset_transforms": [
        [
            "00003981/00003981_30214440d29b401c8b860c42_trimesh_016.usd",
            [
                [
                    0.00917431153357029,
                    0.0,
                    0.0,
                    0.0
                ],
                [
                    0.0,
                    0.00917431153357029,
                    0.0,
                    0.0
                ],
                [
                    0.0,
                    0.0,
                    0.00917431153357029,
                    0.0
                ],
                [
                    0.30733944954128445,
                    -0.18521672870041034,
                    -0.17889941504242224,
                    1.0
                ]
            ]
        ]
    ]
}