{
    "camera_properties": {
        "resolution": {
            "width": 256,
            "height": 256
        },
        "clipping_range": [
            0.009999999776482582,
            1000000.0
        ],
        "horizontal_aperture": 20.954999923706055,
        "focal_length": 24.0,
        "tf_mat": [
            [
                0.7071067811865476,
                -0.3535533905932738,
                0.6123724356957947,
                0.0
            ],
            [
                0.0,
                0.8660254037844388,
                0.5,
                0.0
            ],
            [
                -0.7071067811865477,
                -0.35355339059327373,
                0.6123724356957946,
                0.0
            ],
            [
                0.0,
                0.0,
                -2.0000000000000004,
                1.0000000000000002
            ]
        ]
    },
    "asset_transforms": [
        [
            "00004007/00004007_690490b212df4d5eacc6635c_trimesh_003.usd",
            [
                [
                    0.021141650155186653,
                    0.0,
                    0.0,
                    0.0
                ],
                [
                    0.0,
                    0.021141650155186653,
                    0.0,
                    0.0
                ],
                [
                    0.0,
                    0.0,
                    0.021141650155186653,
                    0.0
                ],
                [
                    0.07399577286372715,
                    -0.1300211356813642,
                    -0.2325581432859996,
                    1.0
                ]
            ]
        ]
    ]
}