{
    "camera_properties": {
        "resolution": {
            "width": 256,
            "height": 256
        },
        "clipping_range": [
            0.009999999776482582,
            1000000.0
        ],
        "horizontal_aperture": 20.954999923706055,
        "focal_length": 24.0,
        "tf_mat": [
            [
                0.7071067811865476,
                -0.3535533905932738,
                0.6123724356957947,
                0.0
            ],
            [
                0.0,
                0.8660254037844388,
                0.5,
                0.0
            ],
            [
                -0.7071067811865477,
                -0.35355339059327373,
                0.6123724356957946,
                0.0
            ],
            [
                0.0,
                0.0,
                -2.0000000000000004,
                1.0000000000000002
            ]
        ]
    },
    "asset_transforms": [
        [
            "00004168/00004168_3ac5c346f8b4483ebfce99e8_trimesh_005.usd",
            [
                [
                    0.0037379139102995396,
                    0.0,
                    0.0,
                    0.0
                ],
                [
                    0.0,
                    0.0037379139102995396,
                    0.0,
                    0.0
                ],
                [
                    0.0,
                    0.0,
                    0.0037379139102995396,
                    0.0
                ],
                [
                    -1.4259010011764254e-06,
                    0.2257494200575448,
                    -0.24338410453474163,
                    1.0
                ]
            ]
        ]
    ]
}