{
    "camera_properties": {
        "resolution": {
            "width": 256,
            "height": 256
        },
        "clipping_range": [
            0.009999999776482582,
            1000000.0
        ],
        "horizontal_aperture": 20.954999923706055,
        "focal_length": 24.0,
        "tf_mat": [
            [
                0.7071067811865476,
                -0.3535533905932738,
                0.6123724356957947,
                0.0
            ],
            [
                0.0,
                0.8660254037844388,
                0.5,
                0.0
            ],
            [
                -0.7071067811865477,
                -0.35355339059327373,
                0.6123724356957946,
                0.0
            ],
            [
                0.0,
                0.0,
                -2.0000000000000004,
                1.0000000000000002
            ]
        ]
    },
    "asset_transforms": [
        [
            "00000406/00000406_f3759bbb4682423caf207e8e_trimesh_003.usd",
            [
                [
                    0.026246720924973488,
                    0.0,
                    0.0,
                    0.0
                ],
                [
                    0.0,
                    0.026246720924973488,
                    0.0,
                    0.0
                ],
                [
                    0.0,
                    0.0,
                    0.026246720924973488,
                    0.0
                ],
                [
                    -2.5030824208471522e-08,
                    2.5030824208471522e-08,
                    -0.33333335836415756,
                    1.0
                ]
            ]
        ]
    ]
}