{
    "camera_properties": {
        "resolution": {
            "width": 256,
            "height": 256
        },
        "clipping_range": [
            0.009999999776482582,
            1000000.0
        ],
        "horizontal_aperture": 20.954999923706055,
        "focal_length": 24.0,
        "tf_mat": [
            [
                0.7071067811865476,
                -0.3535533905932738,
                0.6123724356957947,
                0.0
            ],
            [
                0.0,
                0.8660254037844388,
                0.5,
                0.0
            ],
            [
                -0.7071067811865477,
                -0.35355339059327373,
                0.6123724356957946,
                0.0
            ],
            [
                0.0,
                0.0,
                -2.0000000000000004,
                1.0000000000000002
            ]
        ]
    },
    "asset_transforms": [
        [
            "00000057/00000057_666139e3bff64d4e8a6ce183_trimesh_006.usd",
            [
                [
                    0.005847953259944916,
                    0.0,
                    0.0,
                    0.0
                ],
                [
                    0.0,
                    0.005847953259944916,
                    0.0,
                    0.0
                ],
                [
                    0.0,
                    0.0,
                    0.005847953259944916,
                    0.0
                ],
                [
                    0.0,
                    0.48245614035087714,
                    -0.14619883040935672,
                    1.0
                ]
            ]
        ]
    ]
}