{
    "camera_properties": {
        "resolution": {
            "width": 256,
            "height": 256
        },
        "clipping_range": [
            0.009999999776482582,
            1000000.0
        ],
        "horizontal_aperture": 20.954999923706055,
        "focal_length": 24.0,
        "tf_mat": [
            [
                0.7071067811865476,
                -0.3535533905932738,
                0.6123724356957947,
                0.0
            ],
            [
                0.0,
                0.8660254037844388,
                0.5,
                0.0
            ],
            [
                -0.7071067811865477,
                -0.35355339059327373,
                0.6123724356957946,
                0.0
            ],
            [
                0.0,
                0.0,
                -2.0000000000000004,
                1.0000000000000002
            ]
        ]
    },
    "asset_transforms": [
        [
            "00005011/00005011_97731583b3104939acf30c9a_trimesh_006.usd",
            [
                [
                    0.012151258997619152,
                    0.0,
                    0.0,
                    0.0
                ],
                [
                    0.0,
                    0.012151258997619152,
                    0.0,
                    0.0
                ],
                [
                    0.0,
                    0.0,
                    0.012151258997619152,
                    0.0
                ],
                [
                    -0.30864196579475467,
                    0.0,
                    -0.050278776734874464,
                    1.0
                ]
            ]
        ]
    ]
}