{
    "camera_properties": {
        "resolution": {
            "width": 256,
            "height": 256
        },
        "clipping_range": [
            0.009999999776482582,
            1000000.0
        ],
        "horizontal_aperture": 20.954999923706055,
        "focal_length": 24.0,
        "tf_mat": [
            [
                0.7071067811865476,
                -0.3535533905932738,
                0.6123724356957947,
                0.0
            ],
            [
                0.0,
                0.8660254037844388,
                0.5,
                0.0
            ],
            [
                -0.7071067811865477,
                -0.35355339059327373,
                0.6123724356957946,
                0.0
            ],
            [
                0.0,
                0.0,
                -2.0000000000000004,
                1.0000000000000002
            ]
        ]
    },
    "asset_transforms": [
        [
            "00000525/00000525_02b13fd95eb346ca9d612a18_trimesh_000.usd",
            [
                [
                    0.00020941531693097204,
                    0.0,
                    0.0,
                    0.0
                ],
                [
                    0.0,
                    0.00020941531693097204,
                    0.0,
                    0.0
                ],
                [
                    0.0,
                    0.0,
                    0.00020941531693097204,
                    0.0
                ],
                [
                    -0.19148936214404802,
                    0.45744680912252805,
                    -0.30319148699912796,
                    1.0
                ]
            ]
        ]
    ]
}