{
    "camera_properties": {
        "resolution": {
            "width": 256,
            "height": 256
        },
        "clipping_range": [
            0.009999999776482582,
            1000000.0
        ],
        "horizontal_aperture": 20.954999923706055,
        "focal_length": 24.0,
        "tf_mat": [
            [
                0.7071067811865476,
                -0.3535533905932738,
                0.6123724356957947,
                0.0
            ],
            [
                0.0,
                0.8660254037844388,
                0.5,
                0.0
            ],
            [
                -0.7071067811865477,
                -0.35355339059327373,
                0.6123724356957946,
                0.0
            ],
            [
                0.0,
                0.0,
                -2.0000000000000004,
                1.0000000000000002
            ]
        ]
    },
    "asset_transforms": [
        [
            "00005235/00005235_eb25742ff998421e8ffd4d7b_trimesh_002.usd",
            [
                [
                    0.008772068656980991,
                    0.0,
                    0.0,
                    0.0
                ],
                [
                    0.0,
                    0.008772068656980991,
                    0.0,
                    0.0
                ],
                [
                    0.0,
                    0.0,
                    0.008772068656980991,
                    0.0
                ],
                [
                    4.182848434118899e-09,
                    -0.1396443280474845,
                    -0.19191186356873532,
                    1.0
                ]
            ]
        ]
    ]
}