{
    "camera_properties": {
        "resolution": {
            "width": 256,
            "height": 256
        },
        "clipping_range": [
            0.009999999776482582,
            1000000.0
        ],
        "horizontal_aperture": 20.954999923706055,
        "focal_length": 24.0,
        "tf_mat": [
            [
                0.7071067811865476,
                -0.3535533905932738,
                0.6123724356957947,
                0.0
            ],
            [
                0.0,
                0.8660254037844388,
                0.5,
                0.0
            ],
            [
                -0.7071067811865477,
                -0.35355339059327373,
                0.6123724356957946,
                0.0
            ],
            [
                0.0,
                0.0,
                -2.0000000000000004,
                1.0000000000000002
            ]
        ]
    },
    "asset_transforms": [
        [
            "00005512/00005512_d4d5a3c91ba445c2b24cdf18_trimesh_004.usd",
            [
                [
                    0.06451614201068878,
                    0.0,
                    0.0,
                    0.0
                ],
                [
                    0.0,
                    0.06451614201068878,
                    0.0,
                    0.0
                ],
                [
                    0.0,
                    0.0,
                    0.06451614201068878,
                    0.0
                ],
                [
                    -9.229107991330791e-08,
                    1.3843661986996187e-07,
                    -0.2903226342335303,
                    1.0
                ]
            ]
        ]
    ]
}