{
    "camera_properties": {
        "resolution": {
            "width": 256,
            "height": 256
        },
        "clipping_range": [
            0.009999999776482582,
            1000000.0
        ],
        "horizontal_aperture": 20.954999923706055,
        "focal_length": 24.0,
        "tf_mat": [
            [
                0.7071067811865476,
                -0.3535533905932738,
                0.6123724356957947,
                0.0
            ],
            [
                0.0,
                0.8660254037844388,
                0.5,
                0.0
            ],
            [
                -0.7071067811865477,
                -0.35355339059327373,
                0.6123724356957946,
                0.0
            ],
            [
                0.0,
                0.0,
                -2.0000000000000004,
                1.0000000000000002
            ]
        ]
    },
    "asset_transforms": [
        [
            "00005888/00005888_2bf953ef98e240b99331861a_trimesh_001.usd",
            [
                [
                    0.0037566868122667074,
                    0.0,
                    0.0,
                    0.0
                ],
                [
                    0.0,
                    0.0037566868122667074,
                    0.0,
                    0.0
                ],
                [
                    0.0,
                    0.0,
                    0.0037566868122667074,
                    0.0
                ],
                [
                    0.226622132632264,
                    -1.289756049521932e-07,
                    -0.011927480334874554,
                    1.0
                ]
            ]
        ]
    ]
}