{
    "camera_properties": {
        "resolution": {
            "width": 256,
            "height": 256
        },
        "clipping_range": [
            0.009999999776482582,
            1000000.0
        ],
        "horizontal_aperture": 20.954999923706055,
        "focal_length": 24.0,
        "tf_mat": [
            [
                0.7071067811865476,
                -0.3535533905932738,
                0.6123724356957947,
                0.0
            ],
            [
                0.0,
                0.8660254037844388,
                0.5,
                0.0
            ],
            [
                -0.7071067811865477,
                -0.35355339059327373,
                0.6123724356957946,
                0.0
            ],
            [
                0.0,
                0.0,
                -2.0000000000000004,
                1.0000000000000002
            ]
        ]
    },
    "asset_transforms": [
        [
            "00005992/00005992_16a15cdd348642f091f00694_trimesh_007.usd",
            [
                [
                    0.029411764815449715,
                    0.0,
                    0.0,
                    0.0
                ],
                [
                    0.0,
                    0.029411764815449715,
                    0.0,
                    0.0
                ],
                [
                    0.0,
                    0.0,
                    0.029411764815449715,
                    0.0
                ],
                [
                    0.0001028285307042739,
                    -0.029411764705882353,
                    0.06371499510372386,
                    1.0
                ]
            ]
        ]
    ]
}