{
    "camera_properties": {
        "resolution": {
            "width": 256,
            "height": 256
        },
        "clipping_range": [
            0.009999999776482582,
            1000000.0
        ],
        "horizontal_aperture": 20.954999923706055,
        "focal_length": 24.0,
        "tf_mat": [
            [
                0.7071067811865476,
                -0.3535533905932738,
                0.6123724356957947,
                0.0
            ],
            [
                0.0,
                0.8660254037844388,
                0.5,
                0.0
            ],
            [
                -0.7071067811865477,
                -0.35355339059327373,
                0.6123724356957946,
                0.0
            ],
            [
                0.0,
                0.0,
                -2.0000000000000004,
                1.0000000000000002
            ]
        ]
    },
    "asset_transforms": [
        [
            "00006251/00006251_2590200b97d0443d8bcdeee8_trimesh_001.usd",
            [
                [
                    0.004651162773370743,
                    0.0,
                    0.0,
                    0.0
                ],
                [
                    0.0,
                    0.004651162773370743,
                    0.0,
                    0.0
                ],
                [
                    0.0,
                    0.0,
                    0.004651162773370743,
                    0.0
                ],
                [
                    -0.2888725813045058,
                    -0.4418604651162791,
                    -0.046511627906976744,
                    1.0
                ]
            ]
        ]
    ]
}