{
    "camera_properties": {
        "resolution": {
            "width": 256,
            "height": 256
        },
        "clipping_range": [
            0.009999999776482582,
            1000000.0
        ],
        "horizontal_aperture": 20.954999923706055,
        "focal_length": 24.0,
        "tf_mat": [
            [
                0.7071067811865476,
                -0.3535533905932738,
                0.6123724356957947,
                0.0
            ],
            [
                0.0,
                0.8660254037844388,
                0.5,
                0.0
            ],
            [
                -0.7071067811865477,
                -0.35355339059327373,
                0.6123724356957946,
                0.0
            ],
            [
                0.0,
                0.0,
                -2.0000000000000004,
                1.0000000000000002
            ]
        ]
    },
    "asset_transforms": [
        [
            "00006306/00006306_a43b73007840438988540ccf_trimesh_000.usd",
            [
                [
                    0.0008333333535119891,
                    0.0,
                    0.0,
                    0.0
                ],
                [
                    0.0,
                    0.0008333333535119891,
                    0.0,
                    0.0
                ],
                [
                    0.0,
                    0.0,
                    0.0008333333535119891,
                    0.0
                ],
                [
                    -0.36045586371571336,
                    -0.017607227043427546,
                    -0.006250000238418588,
                    1.0
                ]
            ]
        ]
    ]
}