{
    "camera_properties": {
        "resolution": {
            "width": 256,
            "height": 256
        },
        "clipping_range": [
            0.009999999776482582,
            1000000.0
        ],
        "horizontal_aperture": 20.954999923706055,
        "focal_length": 24.0,
        "tf_mat": [
            [
                0.7071067811865476,
                -0.3535533905932738,
                0.6123724356957947,
                0.0
            ],
            [
                0.0,
                0.8660254037844388,
                0.5,
                0.0
            ],
            [
                -0.7071067811865477,
                -0.35355339059327373,
                0.6123724356957946,
                0.0
            ],
            [
                0.0,
                0.0,
                -2.0000000000000004,
                1.0000000000000002
            ]
        ]
    },
    "asset_transforms": [
        [
            "00006708/00006708_fdd491f5f9fa4fc58425b987_trimesh_006.usd",
            [
                [
                    0.00235667172819376,
                    0.0,
                    0.0,
                    0.0
                ],
                [
                    0.0,
                    0.00235667172819376,
                    0.0,
                    0.0
                ],
                [
                    0.0,
                    0.0,
                    0.00235667172819376,
                    0.0
                ],
                [
                    -2.2474973577522063e-09,
                    -0.4029000950745322,
                    -0.16399684357875083,
                    1.0
                ]
            ]
        ]
    ]
}