{
    "camera_properties": {
        "resolution": {
            "width": 256,
            "height": 256
        },
        "clipping_range": [
            0.009999999776482582,
            1000000.0
        ],
        "horizontal_aperture": 20.954999923706055,
        "focal_length": 24.0,
        "tf_mat": [
            [
                0.7071067811865476,
                -0.3535533905932738,
                0.6123724356957947,
                0.0
            ],
            [
                0.0,
                0.8660254037844388,
                0.5,
                0.0
            ],
            [
                -0.7071067811865477,
                -0.35355339059327373,
                0.6123724356957946,
                0.0
            ],
            [
                0.0,
                0.0,
                -2.0000000000000004,
                1.0000000000000002
            ]
        ]
    },
    "asset_transforms": [
        [
            "00006987/00006987_ceb6d89499b14c2d8a829e37_trimesh_003.usd",
            [
                [
                    0.013768945820629597,
                    0.0,
                    0.0,
                    0.0
                ],
                [
                    0.0,
                    0.013768945820629597,
                    0.0,
                    0.0
                ],
                [
                    0.0,
                    0.0,
                    0.013768945820629597,
                    0.0
                ],
                [
                    -0.23086512610967558,
                    0.08406069504960531,
                    -2.1396938932815304,
                    1.0
                ]
            ]
        ]
    ]
}