{
    "camera_properties": {
        "resolution": {
            "width": 256,
            "height": 256
        },
        "clipping_range": [
            0.009999999776482582,
            1000000.0
        ],
        "horizontal_aperture": 20.954999923706055,
        "focal_length": 24.0,
        "tf_mat": [
            [
                0.7071067811865476,
                -0.3535533905932738,
                0.6123724356957947,
                0.0
            ],
            [
                0.0,
                0.8660254037844388,
                0.5,
                0.0
            ],
            [
                -0.7071067811865477,
                -0.35355339059327373,
                0.6123724356957946,
                0.0
            ],
            [
                0.0,
                0.0,
                -2.0000000000000004,
                1.0000000000000002
            ]
        ]
    },
    "asset_transforms": [
        [
            "00000980/00000980_0dd1386597104265ab67e6cf_trimesh_003.usd",
            [
                [
                    0.008024564944207668,
                    0.0,
                    0.0,
                    0.0
                ],
                [
                    0.0,
                    0.008024564944207668,
                    0.0,
                    0.0
                ],
                [
                    0.0,
                    0.0,
                    0.008024564944207668,
                    0.0
                ],
                [
                    0.02817730694081237,
                    0.10191197638743285,
                    -0.17186201172663298,
                    1.0
                ]
            ]
        ]
    ]
}