{
    "camera_properties": {
        "resolution": {
            "width": 256,
            "height": 256
        },
        "clipping_range": [
            0.009999999776482582,
            1000000.0
        ],
        "horizontal_aperture": 20.954999923706055,
        "focal_length": 24.0,
        "tf_mat": [
            [
                0.7071067811865476,
                -0.3535533905932738,
                0.6123724356957947,
                0.0
            ],
            [
                0.0,
                0.8660254037844388,
                0.5,
                0.0
            ],
            [
                -0.7071067811865477,
                -0.35355339059327373,
                0.6123724356957946,
                0.0
            ],
            [
                0.0,
                0.0,
                -2.0000000000000004,
                1.0000000000000002
            ]
        ]
    },
    "asset_transforms": [
        [
            "00001073/00001073_8a2edcf36bcd435092f4c8ae_trimesh_007.usd",
            [
                [
                    0.010362694971263409,
                    0.0,
                    0.0,
                    0.0
                ],
                [
                    0.0,
                    0.010362694971263409,
                    0.0,
                    0.0
                ],
                [
                    0.0,
                    0.0,
                    0.010362694971263409,
                    0.0
                ],
                [
                    -0.48186528354034297,
                    -0.03212435511845842,
                    -0.46632128039118165,
                    1.0
                ]
            ]
        ]
    ]
}