{
    "camera_properties": {
        "resolution": {
            "width": 256,
            "height": 256
        },
        "clipping_range": [
            0.009999999776482582,
            1000000.0
        ],
        "horizontal_aperture": 20.954999923706055,
        "focal_length": 24.0,
        "tf_mat": [
            [
                0.7071067811865476,
                -0.3535533905932738,
                0.6123724356957947,
                0.0
            ],
            [
                0.0,
                0.8660254037844388,
                0.5,
                0.0
            ],
            [
                -0.7071067811865477,
                -0.35355339059327373,
                0.6123724356957946,
                0.0
            ],
            [
                0.0,
                0.0,
                -2.0000000000000004,
                1.0000000000000002
            ]
        ]
    },
    "asset_transforms": [
        [
            "00001097/00001097_256ee7ec3a4b4972a8b87c8d_trimesh_001.usd",
            [
                [
                    0.023809535428881645,
                    0.0,
                    0.0,
                    0.0
                ],
                [
                    0.0,
                    0.023809535428881645,
                    0.0,
                    0.0
                ],
                [
                    0.0,
                    0.0,
                    0.023809535428881645,
                    0.0
                ],
                [
                    -1.0217943744633876e-06,
                    -1.8165233323793559e-07,
                    0.29761918277703364,
                    1.0
                ]
            ]
        ]
    ]
}