{
    "camera_properties": {
        "resolution": {
            "width": 256,
            "height": 256
        },
        "clipping_range": [
            0.009999999776482582,
            1000000.0
        ],
        "horizontal_aperture": 20.954999923706055,
        "focal_length": 24.0,
        "tf_mat": [
            [
                0.7071067811865476,
                -0.3535533905932738,
                0.6123724356957947,
                0.0
            ],
            [
                0.0,
                0.8660254037844388,
                0.5,
                0.0
            ],
            [
                -0.7071067811865477,
                -0.35355339059327373,
                0.6123724356957946,
                0.0
            ],
            [
                0.0,
                0.0,
                -2.0000000000000004,
                1.0000000000000002
            ]
        ]
    },
    "asset_transforms": [
        [
            "00001105/00001105_d1fef3edb4e34b88b70c6e85_trimesh_000.usd",
            [
                [
                    0.003608792321756482,
                    0.0,
                    0.0,
                    0.0
                ],
                [
                    0.0,
                    0.003608792321756482,
                    0.0,
                    0.0
                ],
                [
                    0.0,
                    0.0,
                    0.003608792321756482,
                    0.0
                ],
                [
                    -0.3480662115606631,
                    -0.1260819638491359,
                    -0.13005264868847163,
                    1.0
                ]
            ]
        ]
    ]
}