{
    "camera_properties": {
        "resolution": {
            "width": 256,
            "height": 256
        },
        "clipping_range": [
            0.009999999776482582,
            1000000.0
        ],
        "horizontal_aperture": 20.954999923706055,
        "focal_length": 24.0,
        "tf_mat": [
            [
                0.7071067811865476,
                -0.3535533905932738,
                0.6123724356957947,
                0.0
            ],
            [
                0.0,
                0.8660254037844388,
                0.5,
                0.0
            ],
            [
                -0.7071067811865477,
                -0.35355339059327373,
                0.6123724356957946,
                0.0
            ],
            [
                0.0,
                0.0,
                -2.0000000000000004,
                1.0000000000000002
            ]
        ]
    },
    "asset_transforms": [
        [
            "00001225/00001225_5b328344bcd7429b89dba948_trimesh_000.usd",
            [
                [
                    0.00441135186702013,
                    0.0,
                    0.0,
                    0.0
                ],
                [
                    0.0,
                    0.00441135186702013,
                    0.0,
                    0.0
                ],
                [
                    0.0,
                    0.0,
                    0.00441135186702013,
                    0.0
                ],
                [
                    -0.5728314166035919,
                    -0.008187464203224474,
                    -0.0026392484944498112,
                    1.0
                ]
            ]
        ]
    ]
}