{
    "camera_properties": {
        "resolution": {
            "width": 256,
            "height": 256
        },
        "clipping_range": [
            0.009999999776482582,
            1000000.0
        ],
        "horizontal_aperture": 20.954999923706055,
        "focal_length": 24.0,
        "tf_mat": [
            [
                0.7071067811865476,
                -0.3535533905932738,
                0.6123724356957947,
                0.0
            ],
            [
                0.0,
                0.8660254037844388,
                0.5,
                0.0
            ],
            [
                -0.7071067811865477,
                -0.35355339059327373,
                0.6123724356957946,
                0.0
            ],
            [
                0.0,
                0.0,
                -2.0000000000000004,
                1.0000000000000002
            ]
        ]
    },
    "asset_transforms": [
        [
            "00001304/00001304_3f3a389e9d5a4370b952bdce_trimesh_000.usd",
            [
                [
                    0.004761904943734407,
                    0.0,
                    0.0,
                    0.0
                ],
                [
                    0.0,
                    0.004761904943734407,
                    0.0,
                    0.0
                ],
                [
                    0.0,
                    0.0,
                    0.004761904943734407,
                    0.0
                ],
                [
                    0.5731911458766081,
                    0.21187862076091296,
                    -0.11904762337267279,
                    1.0
                ]
            ]
        ]
    ]
}