{
    "camera_properties": {
        "resolution": {
            "width": 256,
            "height": 256
        },
        "clipping_range": [
            0.009999999776482582,
            1000000.0
        ],
        "horizontal_aperture": 20.954999923706055,
        "focal_length": 24.0,
        "tf_mat": [
            [
                0.7071067811865476,
                -0.3535533905932738,
                0.6123724356957947,
                0.0
            ],
            [
                0.0,
                0.8660254037844388,
                0.5,
                0.0
            ],
            [
                -0.7071067811865477,
                -0.35355339059327373,
                0.6123724356957946,
                0.0
            ],
            [
                0.0,
                0.0,
                -2.0000000000000004,
                1.0000000000000002
            ]
        ]
    },
    "asset_transforms": [
        [
            "00001341/00001341_beab79941e884455a62af40c_trimesh_009.usd",
            [
                [
                    0.007107731886208057,
                    0.0,
                    0.0,
                    0.0
                ],
                [
                    0.0,
                    0.007107731886208057,
                    0.0,
                    0.0
                ],
                [
                    0.0,
                    0.0,
                    0.007107731886208057,
                    0.0
                ],
                [
                    0.06861855444918412,
                    0.07887349888938977,
                    -0.006219265439287951,
                    1.0
                ]
            ]
        ]
    ]
}